Date,Customer Name,Phone,Email,Item Name,Part Name,Stock Number,Price,Quantity
2025-07-08 15:33:48,David Abwa,6787444957,amanosmnt@gmail.com,Seat,Tacoma,1010,50,1
2025-07-08 16:15:40,David Abwa,6787444957,amanosmnt@gmail.com,Seat,Toyota,1010,50,1
2025-07-08 16:20:23,David Abwa,6787444957,amanosmnt@gmail.com,Seat,Toyota,1010,50,1
2025-07-09 16:51:31,David Abwa,6787444957,amanosmnt@gmail.com,Seat,Toyota,1010,50,1
2025-07-20 08:48:39,David Abwa,6787444957,amanosmnt@gmail.com,Seat,Toyota,1010,50,1
